Workbook

Sheet Model output
A1: SUMMARY OUTPUT
A3: Regression Statistics
A4: Multiple R | B4: 0.68474709
A5: R Square | B5: 0.46887858
A6: Adjusted R Square | B6: 0.45537549
A7: Standard Error | B7: 1.0221132
A8: Observations | B8: 243
A10: ANOVA
B11: df | C11: SS | D11: MS | E11: F | F11: Significance F
A12: Regression | B12: 6 | C12: 217.65898 | D12: 36.276496 | E12: 34.723806 | F12: 5.9835161e-30
A13: Residual | B13: 236 | C13: 246.55284 | D13: 1.0447154
A14: Total | B14: 242 | C14: 464.21182
B16: Coefficients | C16: Standard Error | D16: t Stat | E16: P-value | F16: Lower 95% | G16: Upper 95% | H16: Lower 95.0% | I16: Upper 95.0%
A17: Intercept | B17: 0.7594434 | C17: 0.40084047 | D17: 1.8946275 | E17: 0.059364253 | F17: -0.03023913 | G17: 1.5491259 | H17: -0.03023913 | I17: 1.5491259
A18: sex_num | B18: 0.037183538 | C18: 0.14111059 | D18: 0.26350636 | E18: 0.79239025 | F18: -0.24081375 | G18: 0.31518083 | H18: -0.24081375 | I18: 0.31518083
A19: smoker_num | B19: -0.073687759 | C19: 0.14007061 | D19: -0.52607579 | E19: 0.59932956 | F19: -0.34963623 | G19: 0.20226071 | H19: -0.34963623 | I19: 0.20226071
A20: time_num | B20: 0.088727763 | C20: 0.1979456 | D20: 0.44824318 | E20: 0.65438894 | F20: -0.30123829 | G20: 0.47869382 | H20: -0.30123829 | I20: 0.47869382
A21: day_num | B21: -0.053498843 | C21: 0.074899968 | D21: -0.71427057 | E21: 0.47576575 | F21: -0.20105679 | G21: 0.094059101 | H21: -0.20105679 | I21: 0.094059101
A22: size | B22: 0.17393312 | C22: 0.0889047 | D22: 1.9563996 | E22: 0.051597599 | F22: -0.0012150863 | G22: 0.34908132 | H22: -0.0012150863 | I22: 0.34908132
A23: total_bill | B23: 0.09437403 | C23: 0.0095509494 | D23: 9.8811151 | E23: 1.7174986e-19 | F23: 0.075558021 | G23: 0.11319004 | H23: 0.075558021 | I23: 0.11319004

Sheet working file
K1: Sum of tip | L1: Column Labels | Q1: Row Labels | R1: Sum of tip
K2: Row Labels | L2: Female | M2: Male | N2: Grand Total | Q2: Sun | R2: 247.39
K3: Dinner | L3: 156.11 | M3: 389.96 | N3: 546.07 | Q3: Fri | R3: 51.96
K4: Lunch | L4: 88.4 | M4: 95.11 | N4: 183.51 | Q4: Sat | R4: 260.4
K5: Grand Total | L5: 244.51 | M5: 485.07 | N5: 729.58 | Q5: Thur | R5: 169.83
Q6: Grand Total | R6: 729.58
A18: Row Labels | B18: Sum of tip
A19: Female | B19: 244.51
A20: Male | B20: 485.07
A21: Grand Total | B21: 729.58
A24: Average of total_bill
A25: 19.813868
A28: Average of tip
A29: 3.0023868

Sheet tips_table
A1: sex | B1: smoker | C1: day | D1: time | E1: size | F1: total_bill | G1: tip | I1: sex_num | J1: smoker_num | K1: time_num | L1: day_num | M1: size | N1: total_bill | O1: tip | P1: Predicted tip | Q1: Residual | R1: Squared Error | W1: Intercept | AD1: Predicted tip
A2: Female | B2: No | C2: Sun | D2: Dinner | E2: 2 | F2: 16.99 | G2: 1.01 | I2: =IF($A2="Male",1,2) -> 2 | J2: =IF($B2="Yes",2,1) -> 1 | K2: =IF($D2="Dinner",1,2) -> 1 | L2: =IF($C2="Sun",1,IF($C2="fri",2,IF($C2="sat",3,IF($C2="thur",4)))) -> 1 | M2: 2 | N2: 16.99 | O2: 1.01 | P2: ='Model output'!$B$17+'Model output'!$B$18*tips_table!$I2+'Model output'!$B$19*tips_table!$J2+'Model output'!$B$20*tips_table!$K2+'Model output'!$B$21*tips_table!$L2+'Model output'!$B$22*tips_table!$M2+'Model output'!$B$23*tips_table!$N2 -> 2.7466326 | Q2: =O2-P2 -> -1.7366326 | R2: =Q2^2 -> 3.0158929 | T2: Correlation value | W2: 0.7594434 | X2: ='Model output'!$B$18*tips_table!$I2 -> 0.074367076 | Y2: ='Model output'!$B$20*tips_table!$K2 -> 0.088727763 | Z2: ='Model output'!$B$19*tips_table!$J2 -> -0.073687759 | AA2: ='Model output'!$B$21*tips_table!$L2 -> -0.053498843 | AB2: ='Model output'!$B$22*tips_table!$M2 -> 0.34786623 | AC2: ='Model output'!$B$23*tips_table!$N2 -> 1.6034148 | AD2: =W2+X2+Y2+Z2+AA2+AB2+AC2 -> 2.7466326
A3: Male | B3: No | C3: Sun | D3: Dinner | E3: 3 | F3: 10.34 | G3: 1.66 | I3: =IF($A3="Male",1,2) -> 1 | J3: =IF($B3="Yes",2,1) -> 1 | K3: =IF($D3="Dinner",1,2) -> 1 | L3: =IF($C3="Sun",1,IF($C3="fri",2,IF($C3="sat",3,IF($C3="thur",4)))) -> 1 | M3: 3 | N3: 10.34 | O3: 1.66 | P3: ='Model output'!$B$17+'Model output'!$B$18*tips_table!$I3+'Model output'!$B$19*tips_table!$J3+'Model output'!$B$20*tips_table!$K3+'Model output'!$B$21*tips_table!$L3+'Model output'!$B$22*tips_table!$M3+'Model output'!$B$23*tips_table!$N3 -> 2.2557949 | Q3: =O3-P3 -> -0.59579492 | R3: =Q3^2 -> 0.35497158 | T3: sex_num | U3: =CORREL($I$2:$I$244,$O$2:$O$244) -> -0.085273975 | W3: 0.7594434 | X3: ='Model output'!$B$18*tips_table!$I3 -> 0.037183538 | Y3: ='Model output'!$B$20*tips_table!$K3 -> 0.088727763 | Z3: ='Model output'!$B$19*tips_table!$J3 -> -0.073687759 | AA3: ='Model output'!$B$21*tips_table!$L3 -> -0.053498843 | AB3: ='Model output'!$B$22*tips_table!$M3 -> 0.52179935 | AC3: ='Model output'!$B$23*tips_table!$N3 -> 0.97582747 | AD3: =W3+X3+Y3+Z3+AA3+AB3+AC3 -> 2.2557949
A4: Male | B4: No | C4: Sun | D4: Dinner | E4: 3 | F4: 21.01 | G4: 3.5 | I4: =IF($A4="Male",1,2) -> 1 | J4: =IF($B4="Yes",2,1) -> 1 | K4: =IF($D4="Dinner",1,2) -> 1 | L4: =IF($C4="Sun",1,IF($C4="fri",2,IF($C4="sat",3,IF($C4="thur",4)))) -> 1 | M4: 3 | N4: 21.01 | O4: 3.5 | P4: ='Model output'!$B$17+'Model output'!$B$18*tips_table!$I4+'Model output'!$B$19*tips_table!$J4+'Model output'!$B$20*tips_table!$K4+'Model output'!$B$21*tips_table!$L4+'Model output'!$B$22*tips_table!$M4+'Model output'!$B$23*tips_table!$N4 -> 3.2627658 | Q4: =O4-P4 -> 0.23723418 | R4: =Q4^2 -> 0.056280057 | T4: smoker_num | U4: =CORREL($J$2:$J$244,$O$2:$O$244) -> 0.00976275 | W4: 0.7594434 | X4: ='Model output'!$B$18*tips_table!$I4 -> 0.037183538 | Y4: ='Model output'!$B$20*tips_table!$K4 -> 0.088727763 | Z4: ='Model output'!$B$19*tips_table!$J4 -> -0.073687759 | AA4: ='Model output'!$B$21*tips_table!$L4 -> -0.053498843 | AB4: ='Model output'!$B$22*tips_table!$M4 -> 0.52179935 | AC4: ='Model output'!$B$23*tips_table!$N4 -> 1.9827984 | AD4: =W4+X4+Y4+Z4+AA4+AB4+AC4 -> 3.2627658
A5: Male | B5: No | C5: Sun | D5: Dinner | E5: 2 | F5: 23.68 | G5: 3.31 | I5: =IF($A5="Male",1,2) -> 1 | J5: =IF($B5="Yes",2,1) -> 1 | K5: =IF($D5="Dinner",1,2) -> 1 | L5: =IF($C5="Sun",1,IF($C5="fri",2,IF($C5="sat",3,IF($C5="thur",4)))) -> 1 | M5: 2 | N5: 23.68 | O5: 3.31 | P5: ='Model output'!$B$17+'Model output'!$B$18*tips_table!$I5+'Model output'!$B$19*tips_table!$J5+'Model output'!$B$20*tips_table!$K5+'Model output'!$B$21*tips_table!$L5+'Model output'!$B$22*tips_table!$M5+'Model output'!$B$23*tips_table!$N5 -> 3.3408114 | Q5: =O5-P5 -> -0.030811363 | R5: =Q5^2 -> 0.00094934012 | T5: time_num | U5: =CORREL($K$2:$K$244,$O$2:$O$244) -> -0.11759639 | W5: 0.7594434 | X5: ='Model output'!$B$18*tips_table!$I5 -> 0.037183538 | Y5: ='Model output'!$B$20*tips_table!$K5 -> 0.088727763 | Z5: ='Model output'!$B$19*tips_table!$J5 -> -0.073687759 | AA5: ='Model output'!$B$21*tips_table!$L5 -> -0.053498843 | AB5: ='Model output'!$B$22*tips_table!$M5 -> 0.34786623 | AC5: ='Model output'!$B$23*tips_table!$N5 -> 2.234777 | AD5: =W5+X5+Y5+Z5+AA5+AB5+AC5 -> 3.3408114
A6: Female | B6: No | C6: Sun | D6: Dinner | E6: 4 | F6: 24.59 | G6: 3.61 | I6: =IF($A6="Male",1,2) -> 2 | J6: =IF($B6="Yes",2,1) -> 1 | K6: =IF($D6="Dinner",1,2) -> 1 | L6: =IF($C6="Sun",1,IF($C6="fri",2,IF($C6="sat",3,IF($C6="thur",4)))) -> 1 | M6: 4 | N6: 24.59 | O6: 3.61 | P6: ='Model output'!$B$17+'Model output'!$B$18*tips_table!$I6+'Model output'!$B$19*tips_table!$J6+'Model output'!$B$20*tips_table!$K6+'Model output'!$B$21*tips_table!$L6+'Model output'!$B$22*tips_table!$M6+'Model output'!$B$23*tips_table!$N6 -> 3.8117415 | Q6: =O6-P6 -> -0.2017415 | R6: =Q6^2 -> 0.040699633 | T6: day_num | U6: =CORREL($L$2:$L$244,$O$2:$O$244) -> -0.1184303 | W6: 0.7594434 | X6: ='Model output'!$B$18*tips_table!$I6 -> 0.074367076 | Y6: ='Model output'!$B$20*tips_table!$K6 -> 0.088727763 | Z6: ='Model output'!$B$19*tips_table!$J6 -> -0.073687759 | AA6: ='Model output'!$B$21*tips_table!$L6 -> -0.053498843 | AB6: ='Model output'!$B$22*tips_table!$M6 -> 0.69573246 | AC6: ='Model output'!$B$23*tips_table!$N6 -> 2.3206574 | AD6: =W6+X6+Y6+Z6+AA6+AB6+AC6 -> 3.8117415
A7: Male | B7: No | C7: Sun | D7: Dinner | E7: 4 | F7: 25.29 | G7: 4.71 | I7: =IF($A7="Male",1,2) -> 1 | J7: =IF($B7="Yes",2,1) -> 1 | K7: =IF($D7="Dinner",1,2) -> 1 | L7: =IF($C7="Sun",1,IF($C7="fri",2,IF($C7="sat",3,IF($C7="thur",4)))) -> 1 | M7: 4 | N7: 25.29 | O7: 4.71 | P7: ='Model output'!$B$17+'Model output'!$B$18*tips_table!$I7+'Model output'!$B$19*tips_table!$J7+'Model output'!$B$20*tips_table!$K7+'Model output'!$B$21*tips_table!$L7+'Model output'!$B$22*tips_table!$M7+'Model output'!$B$23*tips_table!$N7 -> 3.8406198 | Q7: =O7-P7 -> 0.86938022 | R7: =Q7^2 -> 0.75582196 | T7: size | U7: =CORREL($M$2:$M$244,$O$2:$O$244) -> 0.48840039 | W7: 0.7594434 | X7: ='Model output'!$B$18*tips_table!$I7 -> 0.037183538 | Y7: ='Model output'!$B$20*tips_table!$K7 -> 0.088727763 | Z7: ='Model output'!$B$19*tips_table!$J7 -> -0.073687759 | AA7: ='Model output'!$B$21*tips_table!$L7 -> -0.053498843 | AB7: ='Model output'!$B$22*tips_table!$M7 -> 0.69573246 | AC7: ='Model output'!$B$23*tips_table!$N7 -> 2.3867192 | AD7: =W7+X7+Y7+Z7+AA7+AB7+AC7 -> 3.8406198
A8: Male | B8: No | C8: Sun | D8: Dinner | E8: 2 | F8: 8.77 | G8: 2 | I8: =IF($A8="Male",1,2) -> 1 | J8: =IF($B8="Yes",2,1) -> 1 | K8: =IF($D8="Dinner",1,2) -> 1 | L8: =IF($C8="Sun",1,IF($C8="fri",2,IF($C8="sat",3,IF($C8="thur",4)))) -> 1 | M8: 2 | N8: 8.77 | O8: 2 | P8: ='Model output'!$B$17+'Model output'!$B$18*tips_table!$I8+'Model output'!$B$19*tips_table!$J8+'Model output'!$B$20*tips_table!$K8+'Model output'!$B$21*tips_table!$L8+'Model output'!$B$22*tips_table!$M8+'Model output'!$B$23*tips_table!$N8 -> 1.9336946 | Q8: =O8-P8 -> 0.066305427 | R8: =Q8^2 -> 0.0043964096 | T8: total_bill | U8: =CORREL($N$2:$N$244,$O$2:$O$244) -> 0.67499786 | W8: 0.7594434 | X8: ='Model output'!$B$18*tips_table!$I8 -> 0.037183538 | Y8: ='Model output'!$B$20*tips_table!$K8 -> 0.088727763 | Z8: ='Model output'!$B$19*tips_table!$J8 -> -0.073687759 | AA8: ='Model output'!$B$21*tips_table!$L8 -> -0.053498843 | AB8: ='Model output'!$B$22*tips_table!$M8 -> 0.34786623 | AC8: ='Model output'!$B$23*tips_table!$N8 -> 0.82766024 | AD8: =W8+X8+Y8+Z8+AA8+AB8+AC8 -> 1.9336946
A9: Male | B9: No | C9: Sun | D9: Dinner | E9: 4 | F9: 26.88 | G9: 3.12 | I9: =IF($A9="Male",1,2) -> 1 | J9: =IF($B9="Yes",2,1) -> 1 | K9: =IF($D9="Dinner",1,2) -> 1 | L9: =IF($C9="Sun",1,IF($C9="fri",2,IF($C9="sat",3,IF($C9="thur",4)))) -> 1 | M9: 4 | N9: 26.88 | O9: 3.12 | P9: ='Model output'!$B$17+'Model output'!$B$18*tips_table!$I9+'Model output'!$B$19*tips_table!$J9+'Model output'!$B$20*tips_table!$K9+'Model output'!$B$21*tips_table!$L9+'Model output'!$B$22*tips_table!$M9+'Model output'!$B$23*tips_table!$N9 -> 3.9906745 | Q9: =O9-P9 -> -0.87067449 | R9: =Q9^2 -> 0.75807407 | W9: 0.7594434 | X9: ='Model output'!$B$18*tips_table!$I9 -> 0.037183538 | Y9: ='Model output'!$B$20*tips_table!$K9 -> 0.088727763 | Z9: ='Model output'!$B$19*tips_table!$J9 -> -0.073687759 | AA9: ='Model output'!$B$21*tips_table!$L9 -> -0.053498843 | AB9: ='Model output'!$B$22*tips_table!$M9 -> 0.69573246 | AC9: ='Model output'!$B$23*tips_table!$N9 -> 2.5367739 | AD9: =W9+X9+Y9+Z9+AA9+AB9+AC9 -> 3.9906745
A10: Male | B10: No | C10: Sun | D10: Dinner | E10: 2 | F10: 15.04 | G10: 1.96 | I10: =IF($A10="Male",1,2) -> 1 | J10: =IF($B10="Yes",2,1) -> 1 | K10: =IF($D10="Dinner",1,2) -> 1 | L10: =IF($C10="Sun",1,IF($C10="fri",2,IF($C10="sat",3,IF($C10="thur",4)))) -> 1 | M10: 2 | N10: 15.04 | O10: 1.96 | P10: ='Model output'!$B$17+'Model output'!$B$18*tips_table!$I10+'Model output'!$B$19*tips_table!$J10+'Model output'!$B$20*tips_table!$K10+'Model output'!$B$21*tips_table!$L10+'Model output'!$B$22*tips_table!$M10+'Model output'!$B$23*tips_table!$N10 -> 2.5254197 | Q10: =O10-P10 -> -0.56541974 | R10: =Q10^2 -> 0.31969949 | W10: 0.7594434 | X10: ='Model output'!$B$18*tips_table!$I10 -> 0.037183538 | Y10: ='Model output'!$B$20*tips_table!$K10 -> 0.088727763 | Z10: ='Model output'!$B$19*tips_table!$J10 -> -0.073687759 | AA10: ='Model output'!$B$21*tips_table!$L10 -> -0.053498843 | AB10: ='Model output'!$B$22*tips_table!$M10 -> 0.34786623 | AC10: ='Model output'!$B$23*tips_table!$N10 -> 1.4193854 | AD10: =W10+X10+Y10+Z10+AA10+AB10+AC10 -> 2.5254197
A11: Male | B11: No | C11: Sun | D11: Dinner | E11: 2 | F11: 14.78 | G11: 3.23 | I11: =IF($A11="Male",1,2) -> 1 | J11: =IF($B11="Yes",2,1) -> 1 | K11: =IF($D11="Dinner",1,2) -> 1 | L11: =IF($C11="Sun",1,IF($C11="fri",2,IF($C11="sat",3,IF($C11="thur",4)))) -> 1 | M11: 2 | N11: 14.78 | O11: 3.23 | P11: ='Model output'!$B$17+'Model output'!$B$18*tips_table!$I11+'Model output'!$B$19*tips_table!$J11+'Model output'!$B$20*tips_table!$K11+'Model output'!$B$21*tips_table!$L11+'Model output'!$B$22*tips_table!$M11+'Model output'!$B$23*tips_table!$N11 -> 2.5008825 | Q11: =O11-P11 -> 0.72911751 | R11: =Q11^2 -> 0.53161234 | W11: 0.7594434 | X11: ='Model output'!$B$18*tips_table!$I11 -> 0.037183538 | Y11: ='Model output'!$B$20*tips_table!$K11 -> 0.088727763 | Z11: ='Model output'!$B$19*tips_table!$J11 -> -0.073687759 | AA11: ='Model output'!$B$21*tips_table!$L11 -> -0.053498843 | AB11: ='Model output'!$B$22*tips_table!$M11 -> 0.34786623 | AC11: ='Model output'!$B$23*tips_table!$N11 -> 1.3948482 | AD11: =W11+X11+Y11+Z11+AA11+AB11+AC11 -> 2.5008825
A12: Male | B12: No | C12: Sun | D12: Dinner | E12: 2 | F12: 10.27 | G12: 1.71 | I12: =IF($A12="Male",1,2) -> 1 | J12: =IF($B12="Yes",2,1) -> 1 | K12: =IF($D12="Dinner",1,2) -> 1 | L12: =IF($C12="Sun",1,IF($C12="fri",2,IF($C12="sat",3,IF($C12="thur",4)))) -> 1 | M12: 2 | N12: 10.27 | O12: 1.71 | P12: ='Model output'!$B$17+'Model output'!$B$18*tips_table!$I12+'Model output'!$B$19*tips_table!$J12+'Model output'!$B$20*tips_table!$K12+'Model output'!$B$21*tips_table!$L12+'Model output'!$B$22*tips_table!$M12+'Model output'!$B$23*tips_table!$N12 -> 2.0752556 | Q12: =O12-P12 -> -0.36525562 | R12: =Q12^2 -> 0.13341167 | W12: 0.7594434 | X12: ='Model output'!$B$18*tips_table!$I12 -> 0.037183538 | Y12: ='Model output'!$B$20*tips_table!$K12 -> 0.088727763 | Z12: ='Model output'!$B$19*tips_table!$J12 -> -0.073687759 | AA12: ='Model output'!$B$21*tips_table!$L12 -> -0.053498843 | AB12: ='Model output'!$B$22*tips_table!$M12 -> 0.34786623 | AC12: ='Model output'!$B$23*tips_table!$N12 -> 0.96922129 | AD12: =W12+X12+Y12+Z12+AA12+AB12+AC12 -> 2.0752556
A13: Female | B13: No | C13: Sun | D13: Dinner | E13: 4 | F13: 35.26 | G13: 5 | I13: =IF($A13="Male",1,2) -> 2 | J13: =IF($B13="Yes",2,1) -> 1 | K13: =IF($D13="Dinner",1,2) -> 1 | L13: =IF($C13="Sun",1,IF($C13="fri",2,IF($C13="sat",3,IF($C13="thur",4)))) -> 1 | M13: 4 | N13: 35.26 | O13: 5 | P13: ='Model output'!$B$17+'Model output'!$B$18*tips_table!$I13+'Model output'!$B$19*tips_table!$J13+'Model output'!$B$20*tips_table!$K13+'Model output'!$B$21*tips_table!$L13+'Model output'!$B$22*tips_table!$M13+'Model output'!$B$23*tips_table!$N13 -> 4.8187124 | Q13: =O13-P13 -> 0.1812876 | R13: =Q13^2 -> 0.032865193 | W13: 0.7594434 | X13: ='Model output'!$B$18*tips_table!$I13 -> 0.074367076 | Y13: ='Model output'!$B$20*tips_table!$K13 -> 0.088727763 | Z13: ='Model output'!$B$19*tips_table!$J13 -> -0.073687759 | AA13: ='Model output'!$B$21*tips_table!$L13 -> -0.053498843 | AB13: ='Model output'!$B$22*tips_table!$M13 -> 0.69573246 | AC13: ='Model output'!$B$23*tips_table!$N13 -> 3.3276283 | AD13: =W13+X13+Y13+Z13+AA13+AB13+AC13 -> 4.8187124
A14: Male | B14: No | C14: Sun | D14: Dinner | E14: 2 | F14: 15.42 | G14: 1.57 | I14: =IF($A14="Male",1,2) -> 1 | J14: =IF($B14="Yes",2,1) -> 1 | K14: =IF($D14="Dinner",1,2) -> 1 | L14: =IF($C14="Sun",1,IF($C14="fri",2,IF($C14="sat",3,IF($C14="thur",4)))) -> 1 | M14: 2 | N14: 15.42 | O14: 1.57 | P14: ='Model output'!$B$17+'Model output'!$B$18*tips_table!$I14+'Model output'!$B$19*tips_table!$J14+'Model output'!$B$20*tips_table!$K14+'Model output'!$B$21*tips_table!$L14+'Model output'!$B$22*tips_table!$M14+'Model output'!$B$23*tips_table!$N14 -> 2.5612819 | Q14: =O14-P14 -> -0.99128187 | R14: =Q14^2 -> 0.98263975 | W14: 0.7594434 | X14: ='Model output'!$B$18*tips_table!$I14 -> 0.037183538 | Y14: ='Model output'!$B$20*tips_table!$K14 -> 0.088727763 | Z14: ='Model output'!$B$19*tips_table!$J14 -> -0.073687759 | AA14: ='Model output'!$B$21*tips_table!$L14 -> -0.053498843 | AB14: ='Model output'!$B$22*tips_table!$M14 -> 0.34786623 | AC14: ='Model output'!$B$23*tips_table!$N14 -> 1.4552475 | AD14: =W14+X14+Y14+Z14+AA14+AB14+AC14 -> 2.5612819
A15: Male | B15: No | C15: Sun | D15: Dinner | E15: 4 | F15: 18.43 | G15: 3 | I15: =IF($A15="Male",1,2) -> 1 | J15: =IF($B15="Yes",2,1) -> 1 | K15: =IF($D15="Dinner",1,2) -> 1 | L15: =IF($C15="Sun",1,IF($C15="fri",2,IF($C15="sat",3,IF($C15="thur",4)))) -> 1 | M15: 4 | N15: 18.43 | O15: 3 | P15: ='Model output'!$B$17+'Model output'!$B$18*tips_table!$I15+'Model output'!$B$19*tips_table!$J15+'Model output'!$B$20*tips_table!$K15+'Model output'!$B$21*tips_table!$L15+'Model output'!$B$22*tips_table!$M15+'Model output'!$B$23*tips_table!$N15 -> 3.1932139 | Q15: =O15-P15 -> -0.19321394 | R15: =Q15^2 -> 0.037331625 | W15: 0.7594434 | X15: ='Model output'!$B$18*tips_table!$I15 -> 0.037183538 | Y15: ='Model output'!$B$20*tips_table!$K15 -> 0.088727763 | Z15: ='Model output'!$B$19*tips_table!$J15 -> -0.073687759 | AA15: ='Model output'!$B$21*tips_table!$L15 -> -0.053498843 | AB15: ='Model output'!$B$22*tips_table!$M15 -> 0.69573246 | AC15: ='Model output'!$B$23*tips_table!$N15 -> 1.7393134 | AD15: =W15+X15+Y15+Z15+AA15+AB15+AC15 -> 3.1932139
A16: Female | B16: No | C16: Sun | D16: Dinner | E16: 2 | F16: 14.83 | G16: 3.02 | I16: =IF($A16="Male",1,2) -> 2 | J16: =IF($B16="Yes",2,1) -> 1 | K16: =IF($D16="Dinner",1,2) -> 1 | L16: =IF($C16="Sun",1,IF($C16="fri",2,IF($C16="sat",3,IF($C16="thur",4)))) -> 1 | M16: 2 | N16: 14.83 | O16: 3.02 | P16: ='Model output'!$B$17+'Model output'!$B$18*tips_table!$I16+'Model output'!$B$19*tips_table!$J16+'Model output'!$B$20*tips_table!$K16+'Model output'!$B$21*tips_table!$L16+'Model output'!$B$22*tips_table!$M16+'Model output'!$B$23*tips_table!$N16 -> 2.5427847 | Q16: =O16-P16 -> 0.47721527 | R16: =Q16^2 -> 0.22773441 | W16: 0.7594434 | X16: ='Model output'!$B$18*tips_table!$I16 -> 0.074367076 | Y16: ='Model output'!$B$20*tips_table!$K16 -> 0.088727763 | Z16: ='Model output'!$B$19*tips_table!$J16 -> -0.073687759 | AA16: ='Model output'!$B$21*tips_table!$L16 -> -0.053498843 | AB16: ='Model output'!$B$22*tips_table!$M16 -> 0.34786623 | AC16: ='Model output'!$B$23*tips_table!$N16 -> 1.3995669 | AD16: =W16+X16+Y16+Z16+AA16+AB16+AC16 -> 2.5427847
A17: Male | B17: No | C17: Sun | D17: Dinner | E17: 2 | F17: 21.58 | G17: 3.92 | I17: =IF($A17="Male",1,2) -> 1 | J17: =IF($B17="Yes",2,1) -> 1 | K17: =IF($D17="Dinner",1,2) -> 1 | L17: =IF($C17="Sun",1,IF($C17="fri",2,IF($C17="sat",3,IF($C17="thur",4)))) -> 1 | M17: 2 | N17: 21.58 | O17: 3.92 | P17: ='Model output'!$B$17+'Model output'!$B$18*tips_table!$I17+'Model output'!$B$19*tips_table!$J17+'Model output'!$B$20*tips_table!$K17+'Model output'!$B$21*tips_table!$L17+'Model output'!$B$22*tips_table!$M17+'Model output'!$B$23*tips_table!$N17 -> 3.1426259 | Q17: =O17-P17 -> 0.7773741 | R17: =Q17^2 -> 0.60431049 | W17: 0.7594434 | X17: ='Model output'!$B$18*tips_table!$I17 -> 0.037183538 | Y17: ='Model output'!$B$20*tips_table!$K17 -> 0.088727763 | Z17: ='Model output'!$B$19*tips_table!$J17 -> -0.073687759 | AA17: ='Model output'!$B$21*tips_table!$L17 -> -0.053498843 | AB17: ='Model output'!$B$22*tips_table!$M17 -> 0.34786623 | AC17: ='Model output'!$B$23*tips_table!$N17 -> 2.0365916 | AD17: =W17+X17+Y17+Z17+AA17+AB17+AC17 -> 3.1426259
A18: Female | B18: No | C18: Sun | D18: Dinner | E18: 3 | F18: 10.33 | G18: 1.67 | I18: =IF($A18="Male",1,2) -> 2 | J18: =IF($B18="Yes",2,1) -> 1 | K18: =IF($D18="Dinner",1,2) -> 1 | L18: =IF($C18="Sun",1,IF($C18="fri",2,IF($C18="sat",3,IF($C18="thur",4)))) -> 1 | M18: 3 | N18: 10.33 | O18: 1.67 | P18: ='Model output'!$B$17+'Model output'!$B$18*tips_table!$I18+'Model output'!$B$19*tips_table!$J18+'Model output'!$B$20*tips_table!$K18+'Model output'!$B$21*tips_table!$L18+'Model output'!$B$22*tips_table!$M18+'Model output'!$B$23*tips_table!$N18 -> 2.2920347 | Q18: =O18-P18 -> -0.62203471 | R18: =Q18^2 -> 0.38692719 | W18: 0.7594434 | X18: ='Model output'!$B$18*tips_table!$I18 -> 0.074367076 | Y18: ='Model output'!$B$20*tips_table!$K18 -> 0.088727763 | Z18: ='Model output'!$B$19*tips_table!$J18 -> -0.073687759 | AA18: ='Model output'!$B$21*tips_table!$L18 -> -0.053498843 | AB18: ='Model output'!$B$22*tips_table!$M18 -> 0.52179935 | AC18: ='Model output'!$B$23*tips_table!$N18 -> 0.97488373 | AD18: =W18+X18+Y18+Z18+AA18+AB18+AC18 -> 2.2920347
A19: Male | B19: No | C19: Sun | D19: Dinner | E19: 3 | F19: 16.29 | G19: 3.71 | I19: =IF($A19="Male",1,2) -> 1 | J19: =IF($B19="Yes",2,1) -> 1 | K19: =IF($D19="Dinner",1,2) -> 1 | L19: =IF($C19="Sun",1,IF($C19="fri",2,IF($C19="sat",3,IF($C19="thur",4)))) -> 1 | M19: 3 | N19: 16.29 | O19: 3.71 | P19: ='Model output'!$B$17+'Model output'!$B$18*tips_table!$I19+'Model output'!$B$19*tips_table!$J19+'Model output'!$B$20*tips_table!$K19+'Model output'!$B$21*tips_table!$L19+'Model output'!$B$22*tips_table!$M19+'Model output'!$B$23*tips_table!$N19 -> 2.8173204 | Q19: =O19-P19 -> 0.8926796 | R19: =Q19^2 -> 0.79687687 | W19: 0.7594434 | X19: ='Model output'!$B$18*tips_table!$I19 -> 0.037183538 | Y19: ='Model output'!$B$20*tips_table!$K19 -> 0.088727763 | Z19: ='Model output'!$B$19*tips_table!$J19 -> -0.073687759 | AA19: ='Model output'!$B$21*tips_table!$L19 -> -0.053498843 | AB19: ='Model output'!$B$22*tips_table!$M19 -> 0.52179935 | AC19: ='Model output'!$B$23*tips_table!$N19 -> 1.537353 | AD19: =W19+X19+Y19+Z19+AA19+AB19+AC19 -> 2.8173204
A20: Female | B20: No | C20: Sun | D20: Dinner | E20: 3 | F20: 16.97 | G20: 3.5 | I20: =IF($A20="Male",1,2) -> 2 | J20: =IF($B20="Yes",2,1) -> 1 | K20: =IF($D20="Dinner",1,2) -> 1 | L20: =IF($C20="Sun",1,IF($C20="fri",2,IF($C20="sat",3,IF($C20="thur",4)))) -> 1 | M20: 3 | N20: 16.97 | O20: 3.5 | P20: ='Model output'!$B$17+'Model output'!$B$18*tips_table!$I20+'Model output'!$B$19*tips_table!$J20+'Model output'!$B$20*tips_table!$K20+'Model output'!$B$21*tips_table!$L20+'Model output'!$B$22*tips_table!$M20+'Model output'!$B$23*tips_table!$N20 -> 2.9186783 | Q20: =O20-P20 -> 0.58132173 | R20: =Q20^2 -> 0.33793495 | W20: 0.7594434 | X20: ='Model output'!$B$18*tips_table!$I20 -> 0.074367076 | Y20: ='Model output'!$B$20*tips_table!$K20 -> 0.088727763 | Z20: ='Model output'!$B$19*tips_table!$J20 -> -0.073687759 | AA20: ='Model output'!$B$21*tips_table!$L20 -> -0.053498843 | AB20: ='Model output'!$B$22*tips_table!$M20 -> 0.52179935 | AC20: ='Model output'!$B$23*tips_table!$N20 -> 1.6015273 | AD20: =W20+X20+Y20+Z20+AA20+AB20+AC20 -> 2.9186783
... A244: Female | B244: No | C244: Thur | D244: Dinner | E244: 2 | F244: 18.78 | G244: 3 | I244: =IF($A244="Male",1,2) -> 2 | J244: =IF($B244="Yes",2,1) -> 1 | K244: =IF($D244="Dinner",1,2) -> 1 | L244: =IF($C244="Sun",1,IF($C244="fri",2,IF($C244="sat",3,IF($C244="thur",4)))) -> 4 | M244: 2 | N244: 18.78 | O244: 3 | P244: ='Model output'!$B$17+'Model output'!$B$18*tips_table!$I244+'Model output'!$B$19*tips_table!$J244+'Model output'!$B$20*tips_table!$K244+'Model output'!$B$21*tips_table!$L244+'Model output'!$B$22*tips_table!$M244+'Model output'!$B$23*tips_table!$N244 -> 2.7550656 | Q244: =O244-P244 -> 0.24493437 | R244: =Q244^2 -> 0.059992848 | W244: 0.7594434 | X244: ='Model output'!$B$18*tips_table!$I244 -> 0.074367076 | Y244: ='Model output'!$B$20*tips_table!$K244 -> 0.088727763 | Z244: ='Model output'!$B$19*tips_table!$J244 -> -0.073687759 | AA244: ='Model output'!$B$21*tips_table!$L244 -> -0.21399537 | AB244: ='Model output'!$B$22*tips_table!$M244 -> 0.34786623 | AC244: ='Model output'!$B$23*tips_table!$N244 -> 1.7723443 | AD244: =W244+X244+Y244+Z244+AA244+AB244+AC244 -> 2.7550656
A246: =COUNTA(A2:A244) -> 243

Sheet Dashboard
